Workbook
Name Tratamientos: Tarifas!$A$3:$A$65
Name Duraciones: Tarifas!$B$2:$F$2

Sheet SEPTIEMBRE
A1: medassure beauty Seguro de cirugía estética · Septiembre
A2: Seleccione los tratamientos y la duración utilizando las pestañas desplegables (▼). La prima se calculará automáticamente en función del tratamiento de mayor importe seleccionado. Para dudas relacionadas con las altas de los pacientes: info@medassure.es · WhatsApp 672 69 68 21
A3: PLAZO Las altas de septiembre se pueden enviar hasta el 5 de octubre CONDICIONES Duración: 1 año → 5 años Hasta 3 tratamientos por paciente (la prima corresponde al tratamiento de mayor importe)
A4: ⚠ IMPORTANTE Comunique cualquier complicación en un plazo máximo de 7 días a siniestros@iberassekuranz.es · Tel. 91 781 56 32.
B5: MÉDICO | C5: DATOS DEL PACIENTE | K5: DATOS DE LA PÓLIZA | P5: ESTADO | Q5: PÓLIZA
A6: Nº | B6: Cirujano/a * | C6: Nombre * | D6: Apellidos * | E6: Dirección * | F6: Código postal * | G6: Localidad * | H6: País * | I6: Fecha de nacimiento * | J6: Fecha de operación * | K6: Tratamiento 1 * | L6: Tratamiento 2 (opc.) | M6: Tratamiento 3 (opc.) | N6: Duración * | O6: Prima | P6: Estado | Q6: Nº Póliza
A7: 1 | O7: =IFERROR(IF(N7="","",IF(MAX(IFERROR(INDEX(Tarifas!$B$3:$F$65,MATCH(K7,Tarifas!$A$3:$A$65,0),MATCH(N7,Tarifas!$B$2:$F$2,0)),0),IFERROR(INDEX(Tarifas!$B$3:$F$65,MATCH(L7,Tarifas!$A$3:$A$65,0),MATCH(N7,Tarifas!$B$2:$F$2,0)),0),IFERROR(INDEX(Tarifas!$B$3:$F$65,MATCH(M7,Tarifas!$A$3:$A$65,0),MATCH(N7,Tarifas!$B$2:$F$2,0)),0))=0,"",MAX(IFERROR(INDEX(Tarifas!$B$3:$F$65,MATCH(K7,Tarifas!$A$3:$A$65,0),MATCH(N7,Tarifas!$B$2:$F$2,0)),0),IFERROR(INDEX(Tarifas!$B$3:$F$65,MATCH(L7,Tarifas!$A$3:$A$65,0),MATCH(N7,Tarifas!$B$2:$F$2,0)),0),IFERROR(INDEX(Tarifas!$B$3:$F$65,MATCH(M7,Tarifas!$A$3:$A$65,0),MATCH(N7,Tarifas!$B$2:$F$2,0)),0)))),"") | P7: =IF(NOT(OR(B7<>"",C7<>"",D7<>"",E7<>"",F7<>"",G7<>"",H7<>"",I7<>"",J7<>"",K7<>"",N7<>"")),"",IF(AND(B7<>"",C7<>"",D7<>"",E7<>"",F7<>"",G7<>"",H7<>"",I7<>"",J7<>"",K7<>"",N7<>""),"✓ Completo","⚠ Faltan datos"))
A8: 2 | O8: =IFERROR(IF(N8="","",IF(MAX(IFERROR(INDEX(Tarifas!$B$3:$F$65,MATCH(K8,Tarifas!$A$3:$A$65,0),MATCH(N8,Tarifas!$B$2:$F$2,0)),0),IFERROR(INDEX(Tarifas!$B$3:$F$65,MATCH(L8,Tarifas!$A$3:$A$65,0),MATCH(N8,Tarifas!$B$2:$F$2,0)),0),IFERROR(INDEX(Tarifas!$B$3:$F$65,MATCH(M8,Tarifas!$A$3:$A$65,0),MATCH(N8,Tarifas!$B$2:$F$2,0)),0))=0,"",MAX(IFERROR(INDEX(Tarifas!$B$3:$F$65,MATCH(K8,Tarifas!$A$3:$A$65,0),MATCH(N8,Tarifas!$B$2:$F$2,0)),0),IFERROR(INDEX(Tarifas!$B$3:$F$65,MATCH(L8,Tarifas!$A$3:$A$65,0),MATCH(N8,Tarifas!$B$2:$F$2,0)),0),IFERROR(INDEX(Tarifas!$B$3:$F$65,MATCH(M8,Tarifas!$A$3:$A$65,0),MATCH(N8,Tarifas!$B$2:$F$2,0)),0)))),"") | P8: =IF(NOT(OR(B8<>"",C8<>"",D8<>"",E8<>"",F8<>"",G8<>"",H8<>"",I8<>"",J8<>"",K8<>"",N8<>"")),"",IF(AND(B8<>"",C8<>"",D8<>"",E8<>"",F8<>"",G8<>"",H8<>"",I8<>"",J8<>"",K8<>"",N8<>""),"✓ Completo","⚠ Faltan datos"))
A9: 3 | O9: =IFERROR(IF(N9="","",IF(MAX(IFERROR(INDEX(Tarifas!$B$3:$F$65,MATCH(K9,Tarifas!$A$3:$A$65,0),MATCH(N9,Tarifas!$B$2:$F$2,0)),0),IFERROR(INDEX(Tarifas!$B$3:$F$65,MATCH(L9,Tarifas!$A$3:$A$65,0),MATCH(N9,Tarifas!$B$2:$F$2,0)),0),IFERROR(INDEX(Tarifas!$B$3:$F$65,MATCH(M9,Tarifas!$A$3:$A$65,0),MATCH(N9,Tarifas!$B$2:$F$2,0)),0))=0,"",MAX(IFERROR(INDEX(Tarifas!$B$3:$F$65,MATCH(K9,Tarifas!$A$3:$A$65,0),MATCH(N9,Tarifas!$B$2:$F$2,0)),0),IFERROR(INDEX(Tarifas!$B$3:$F$65,MATCH(L9,Tarifas!$A$3:$A$65,0),MATCH(N9,Tarifas!$B$2:$F$2,0)),0),IFERROR(INDEX(Tarifas!$B$3:$F$65,MATCH(M9,Tarifas!$A$3:$A$65,0),MATCH(N9,Tarifas!$B$2:$F$2,0)),0)))),"") | P9: =IF(NOT(OR(B9<>"",C9<>"",D9<>"",E9<>"",F9<>"",G9<>"",H9<>"",I9<>"",J9<>"",K9<>"",N9<>"")),"",IF(AND(B9<>"",C9<>"",D9<>"",E9<>"",F9<>"",G9<>"",H9<>"",I9<>"",J9<>"",K9<>"",N9<>""),"✓ Completo","⚠ Faltan datos"))
A10: 4 | O10: =IFERROR(IF(N10="","",IF(MAX(IFERROR(INDEX(Tarifas!$B$3:$F$65,MATCH(K10,Tarifas!$A$3:$A$65,0),MATCH(N10,Tarifas!$B$2:$F$2,0)),0),IFERROR(INDEX(Tarifas!$B$3:$F$65,MATCH(L10,Tarifas!$A$3:$A$65,0),MATCH(N10,Tarifas!$B$2:$F$2,0)),0),IFERROR(INDEX(Tarifas!$B$3:$F$65,MATCH(M10,Tarifas!$A$3:$A$65,0),MATCH(N10,Tarifas!$B$2:$F$2,0)),0))=0,"",MAX(IFERROR(INDEX(Tarifas!$B$3:$F$65,MATCH(K10,Tarifas!$A$3:$A$65,0),MATCH(N10,Tarifas!$B$2:$F$2,0)),0),IFERROR(INDEX(Tarifas!$B$3:$F$65,MATCH(L10,Tarifas!$A$3:$A$65,0),MATCH(N10,Tarifas!$B$2:$F$2,0)),0),IFERROR(INDEX(Tarifas!$B$3:$F$65,MATCH(M10,Tarifas!$A$3:$A$65,0),MATCH(N10,Tarifas!$B$2:$F$2,0)),0)))),"") | P10: =IF(NOT(OR(B10<>"",C10<>"",D10<>"",E10<>"",F10<>"",G10<>"",H10<>"",I10<>"",J10<>"",K10<>"",N10<>"")),"",IF(AND(B10<>"",C10<>"",D10<>"",E10<>"",F10<>"",G10<>"",H10<>"",I10<>"",J10<>"",K10<>"",N10<>""),"✓ Completo","⚠ Faltan datos"))
A11: 5 | O11: =IFERROR(IF(N11="","",IF(MAX(IFERROR(INDEX(Tarifas!$B$3:$F$65,MATCH(K11,Tarifas!$A$3:$A$65,0),MATCH(N11,Tarifas!$B$2:$F$2,0)),0),IFERROR(INDEX(Tarifas!$B$3:$F$65,MATCH(L11,Tarifas!$A$3:$A$65,0),MATCH(N11,Tarifas!$B$2:$F$2,0)),0),IFERROR(INDEX(Tarifas!$B$3:$F$65,MATCH(M11,Tarifas!$A$3:$A$65,0),MATCH(N11,Tarifas!$B$2:$F$2,0)),0))=0,"",MAX(IFERROR(INDEX(Tarifas!$B$3:$F$65,MATCH(K11,Tarifas!$A$3:$A$65,0),MATCH(N11,Tarifas!$B$2:$F$2,0)),0),IFERROR(INDEX(Tarifas!$B$3:$F$65,MATCH(L11,Tarifas!$A$3:$A$65,0),MATCH(N11,Tarifas!$B$2:$F$2,0)),0),IFERROR(INDEX(Tarifas!$B$3:$F$65,MATCH(M11,Tarifas!$A$3:$A$65,0),MATCH(N11,Tarifas!$B$2:$F$2,0)),0)))),"") | P11: =IF(NOT(OR(B11<>"",C11<>"",D11<>"",E11<>"",F11<>"",G11<>"",H11<>"",I11<>"",J11<>"",K11<>"",N11<>"")),"",IF(AND(B11<>"",C11<>"",D11<>"",E11<>"",F11<>"",G11<>"",H11<>"",I11<>"",J11<>"",K11<>"",N11<>""),"✓ Completo","⚠ Faltan datos"))
A12: 6 | O12: =IFERROR(IF(N12="","",IF(MAX(IFERROR(INDEX(Tarifas!$B$3:$F$65,MATCH(K12,Tarifas!$A$3:$A$65,0),MATCH(N12,Tarifas!$B$2:$F$2,0)),0),IFERROR(INDEX(Tarifas!$B$3:$F$65,MATCH(L12,Tarifas!$A$3:$A$65,0),MATCH(N12,Tarifas!$B$2:$F$2,0)),0),IFERROR(INDEX(Tarifas!$B$3:$F$65,MATCH(M12,Tarifas!$A$3:$A$65,0),MATCH(N12,Tarifas!$B$2:$F$2,0)),0))=0,"",MAX(IFERROR(INDEX(Tarifas!$B$3:$F$65,MATCH(K12,Tarifas!$A$3:$A$65,0),MATCH(N12,Tarifas!$B$2:$F$2,0)),0),IFERROR(INDEX(Tarifas!$B$3:$F$65,MATCH(L12,Tarifas!$A$3:$A$65,0),MATCH(N12,Tarifas!$B$2:$F$2,0)),0),IFERROR(INDEX(Tarifas!$B$3:$F$65,MATCH(M12,Tarifas!$A$3:$A$65,0),MATCH(N12,Tarifas!$B$2:$F$2,0)),0)))),"") | P12: =IF(NOT(OR(B12<>"",C12<>"",D12<>"",E12<>"",F12<>"",G12<>"",H12<>"",I12<>"",J12<>"",K12<>"",N12<>"")),"",IF(AND(B12<>"",C12<>"",D12<>"",E12<>"",F12<>"",G12<>"",H12<>"",I12<>"",J12<>"",K12<>"",N12<>""),"✓ Completo","⚠ Faltan datos"))
A13: 7 | O13: =IFERROR(IF(N13="","",IF(MAX(IFERROR(INDEX(Tarifas!$B$3:$F$65,MATCH(K13,Tarifas!$A$3:$A$65,0),MATCH(N13,Tarifas!$B$2:$F$2,0)),0),IFERROR(INDEX(Tarifas!$B$3:$F$65,MATCH(L13,Tarifas!$A$3:$A$65,0),MATCH(N13,Tarifas!$B$2:$F$2,0)),0),IFERROR(INDEX(Tarifas!$B$3:$F$65,MATCH(M13,Tarifas!$A$3:$A$65,0),MATCH(N13,Tarifas!$B$2:$F$2,0)),0))=0,"",MAX(IFERROR(INDEX(Tarifas!$B$3:$F$65,MATCH(K13,Tarifas!$A$3:$A$65,0),MATCH(N13,Tarifas!$B$2:$F$2,0)),0),IFERROR(INDEX(Tarifas!$B$3:$F$65,MATCH(L13,Tarifas!$A$3:$A$65,0),MATCH(N13,Tarifas!$B$2:$F$2,0)),0),IFERROR(INDEX(Tarifas!$B$3:$F$65,MATCH(M13,Tarifas!$A$3:$A$65,0),MATCH(N13,Tarifas!$B$2:$F$2,0)),0)))),"") | P13: =IF(NOT(OR(B13<>"",C13<>"",D13<>"",E13<>"",F13<>"",G13<>"",H13<>"",I13<>"",J13<>"",K13<>"",N13<>"")),"",IF(AND(B13<>"",C13<>"",D13<>"",E13<>"",F13<>"",G13<>"",H13<>"",I13<>"",J13<>"",K13<>"",N13<>""),"✓ Completo","⚠ Faltan datos"))
A14: 8 | O14: =IFERROR(IF(N14="","",IF(MAX(IFERROR(INDEX(Tarifas!$B$3:$F$65,MATCH(K14,Tarifas!$A$3:$A$65,0),MATCH(N14,Tarifas!$B$2:$F$2,0)),0),IFERROR(INDEX(Tarifas!$B$3:$F$65,MATCH(L14,Tarifas!$A$3:$A$65,0),MATCH(N14,Tarifas!$B$2:$F$2,0)),0),IFERROR(INDEX(Tarifas!$B$3:$F$65,MATCH(M14,Tarifas!$A$3:$A$65,0),MATCH(N14,Tarifas!$B$2:$F$2,0)),0))=0,"",MAX(IFERROR(INDEX(Tarifas!$B$3:$F$65,MATCH(K14,Tarifas!$A$3:$A$65,0),MATCH(N14,Tarifas!$B$2:$F$2,0)),0),IFERROR(INDEX(Tarifas!$B$3:$F$65,MATCH(L14,Tarifas!$A$3:$A$65,0),MATCH(N14,Tarifas!$B$2:$F$2,0)),0),IFERROR(INDEX(Tarifas!$B$3:$F$65,MATCH(M14,Tarifas!$A$3:$A$65,0),MATCH(N14,Tarifas!$B$2:$F$2,0)),0)))),"") | P14: =IF(NOT(OR(B14<>"",C14<>"",D14<>"",E14<>"",F14<>"",G14<>"",H14<>"",I14<>"",J14<>"",K14<>"",N14<>"")),"",IF(AND(B14<>"",C14<>"",D14<>"",E14<>"",F14<>"",G14<>"",H14<>"",I14<>"",J14<>"",K14<>"",N14<>""),"✓ Completo","⚠ Faltan datos"))
A15: 9 | O15: =IFERROR(IF(N15="","",IF(MAX(IFERROR(INDEX(Tarifas!$B$3:$F$65,MATCH(K15,Tarifas!$A$3:$A$65,0),MATCH(N15,Tarifas!$B$2:$F$2,0)),0),IFERROR(INDEX(Tarifas!$B$3:$F$65,MATCH(L15,Tarifas!$A$3:$A$65,0),MATCH(N15,Tarifas!$B$2:$F$2,0)),0),IFERROR(INDEX(Tarifas!$B$3:$F$65,MATCH(M15,Tarifas!$A$3:$A$65,0),MATCH(N15,Tarifas!$B$2:$F$2,0)),0))=0,"",MAX(IFERROR(INDEX(Tarifas!$B$3:$F$65,MATCH(K15,Tarifas!$A$3:$A$65,0),MATCH(N15,Tarifas!$B$2:$F$2,0)),0),IFERROR(INDEX(Tarifas!$B$3:$F$65,MATCH(L15,Tarifas!$A$3:$A$65,0),MATCH(N15,Tarifas!$B$2:$F$2,0)),0),IFERROR(INDEX(Tarifas!$B$3:$F$65,MATCH(M15,Tarifas!$A$3:$A$65,0),MATCH(N15,Tarifas!$B$2:$F$2,0)),0)))),"") | P15: =IF(NOT(OR(B15<>"",C15<>"",D15<>"",E15<>"",F15<>"",G15<>"",H15<>"",I15<>"",J15<>"",K15<>"",N15<>"")),"",IF(AND(B15<>"",C15<>"",D15<>"",E15<>"",F15<>"",G15<>"",H15<>"",I15<>"",J15<>"",K15<>"",N15<>""),"✓ Completo","⚠ Faltan datos"))
A16: 10 | O16: =IFERROR(IF(N16="","",IF(MAX(IFERROR(INDEX(Tarifas!$B$3:$F$65,MATCH(K16,Tarifas!$A$3:$A$65,0),MATCH(N16,Tarifas!$B$2:$F$2,0)),0),IFERROR(INDEX(Tarifas!$B$3:$F$65,MATCH(L16,Tarifas!$A$3:$A$65,0),MATCH(N16,Tarifas!$B$2:$F$2,0)),0),IFERROR(INDEX(Tarifas!$B$3:$F$65,MATCH(M16,Tarifas!$A$3:$A$65,0),MATCH(N16,Tarifas!$B$2:$F$2,0)),0))=0,"",MAX(IFERROR(INDEX(Tarifas!$B$3:$F$65,MATCH(K16,Tarifas!$A$3:$A$65,0),MATCH(N16,Tarifas!$B$2:$F$2,0)),0),IFERROR(INDEX(Tarifas!$B$3:$F$65,MATCH(L16,Tarifas!$A$3:$A$65,0),MATCH(N16,Tarifas!$B$2:$F$2,0)),0),IFERROR(INDEX(Tarifas!$B$3:$F$65,MATCH(M16,Tarifas!$A$3:$A$65,0),MATCH(N16,Tarifas!$B$2:$F$2,0)),0)))),"") | P16: =IF(NOT(OR(B16<>"",C16<>"",D16<>"",E16<>"",F16<>"",G16<>"",H16<>"",I16<>"",J16<>"",K16<>"",N16<>"")),"",IF(AND(B16<>"",C16<>"",D16<>"",E16<>"",F16<>"",G16<>"",H16<>"",I16<>"",J16<>"",K16<>"",N16<>""),"✓ Completo","⚠ Faltan datos"))
A17: 11 | O17: =IFERROR(IF(N17="","",IF(MAX(IFERROR(INDEX(Tarifas!$B$3:$F$65,MATCH(K17,Tarifas!$A$3:$A$65,0),MATCH(N17,Tarifas!$B$2:$F$2,0)),0),IFERROR(INDEX(Tarifas!$B$3:$F$65,MATCH(L17,Tarifas!$A$3:$A$65,0),MATCH(N17,Tarifas!$B$2:$F$2,0)),0),IFERROR(INDEX(Tarifas!$B$3:$F$65,MATCH(M17,Tarifas!$A$3:$A$65,0),MATCH(N17,Tarifas!$B$2:$F$2,0)),0))=0,"",MAX(IFERROR(INDEX(Tarifas!$B$3:$F$65,MATCH(K17,Tarifas!$A$3:$A$65,0),MATCH(N17,Tarifas!$B$2:$F$2,0)),0),IFERROR(INDEX(Tarifas!$B$3:$F$65,MATCH(L17,Tarifas!$A$3:$A$65,0),MATCH(N17,Tarifas!$B$2:$F$2,0)),0),IFERROR(INDEX(Tarifas!$B$3:$F$65,MATCH(M17,Tarifas!$A$3:$A$65,0),MATCH(N17,Tarifas!$B$2:$F$2,0)),0)))),"") | P17: =IF(NOT(OR(B17<>"",C17<>"",D17<>"",E17<>"",F17<>"",G17<>"",H17<>"",I17<>"",J17<>"",K17<>"",N17<>"")),"",IF(AND(B17<>"",C17<>"",D17<>"",E17<>"",F17<>"",G17<>"",H17<>"",I17<>"",J17<>"",K17<>"",N17<>""),"✓ Completo","⚠ Faltan datos"))
A18: 12 | O18: =IFERROR(IF(N18="","",IF(MAX(IFERROR(INDEX(Tarifas!$B$3:$F$65,MATCH(K18,Tarifas!$A$3:$A$65,0),MATCH(N18,Tarifas!$B$2:$F$2,0)),0),IFERROR(INDEX(Tarifas!$B$3:$F$65,MATCH(L18,Tarifas!$A$3:$A$65,0),MATCH(N18,Tarifas!$B$2:$F$2,0)),0),IFERROR(INDEX(Tarifas!$B$3:$F$65,MATCH(M18,Tarifas!$A$3:$A$65,0),MATCH(N18,Tarifas!$B$2:$F$2,0)),0))=0,"",MAX(IFERROR(INDEX(Tarifas!$B$3:$F$65,MATCH(K18,Tarifas!$A$3:$A$65,0),MATCH(N18,Tarifas!$B$2:$F$2,0)),0),IFERROR(INDEX(Tarifas!$B$3:$F$65,MATCH(L18,Tarifas!$A$3:$A$65,0),MATCH(N18,Tarifas!$B$2:$F$2,0)),0),IFERROR(INDEX(Tarifas!$B$3:$F$65,MATCH(M18,Tarifas!$A$3:$A$65,0),MATCH(N18,Tarifas!$B$2:$F$2,0)),0)))),"") | P18: =IF(NOT(OR(B18<>"",C18<>"",D18<>"",E18<>"",F18<>"",G18<>"",H18<>"",I18<>"",J18<>"",K18<>"",N18<>"")),"",IF(AND(B18<>"",C18<>"",D18<>"",E18<>"",F18<>"",G18<>"",H18<>"",I18<>"",J18<>"",K18<>"",N18<>""),"✓ Completo","⚠ Faltan datos"))
... A53: 47 | O53: =IFERROR(IF(N53="","",IF(MAX(IFERROR(INDEX(Tarifas!$B$3:$F$65,MATCH(K53,Tarifas!$A$3:$A$65,0),MATCH(N53,Tarifas!$B$2:$F$2,0)),0),IFERROR(INDEX(Tarifas!$B$3:$F$65,MATCH(L53,Tarifas!$A$3:$A$65,0),MATCH(N53,Tarifas!$B$2:$F$2,0)),0),IFERROR(INDEX(Tarifas!$B$3:$F$65,MATCH(M53,Tarifas!$A$3:$A$65,0),MATCH(N53,Tarifas!$B$2:$F$2,0)),0))=0,"",MAX(IFERROR(INDEX(Tarifas!$B$3:$F$65,MATCH(K53,Tarifas!$A$3:$A$65,0),MATCH(N53,Tarifas!$B$2:$F$2,0)),0),IFERROR(INDEX(Tarifas!$B$3:$F$65,MATCH(L53,Tarifas!$A$3:$A$65,0),MATCH(N53,Tarifas!$B$2:$F$2,0)),0),IFERROR(INDEX(Tarifas!$B$3:$F$65,MATCH(M53,Tarifas!$A$3:$A$65,0),MATCH(N53,Tarifas!$B$2:$F$2,0)),0)))),"") | P53: =IF(NOT(OR(B53<>"",C53<>"",D53<>"",E53<>"",F53<>"",G53<>"",H53<>"",I53<>"",J53<>"",K53<>"",N53<>"")),"",IF(AND(B53<>"",C53<>"",D53<>"",E53<>"",F53<>"",G53<>"",H53<>"",I53<>"",J53<>"",K53<>"",N53<>""),"✓ Completo","⚠ Faltan datos"))
A55: RESUMEN | K55: Pacientes asegurados: | L55: =COUNTA(C7:C53) | M55: PRIMA TOTAL: | O55: =SUM(O7:O53) | P55: =COUNTIF(P7:P53,"✓ Completo")&" OK" | Q55: =COUNTA(Q7:Q53)&" con póliza"
A57: ⚠ El Nº de póliza lo asigna medassure: cuando una fila tiene póliza, el paciente queda marcado en verde.
A58: Nota — Hasta 3 tratamientos sin recargo — la prima corresponde al tratamiento de mayor importe según la duración elegida. · «✓ Completo» requiere todos los campos marcados con * (tratamientos 2–3 opcionales). · Comunique cualquier complicación en ≤ 7 días a siniestros@iberassekuranz.es (Tel. 91 781 56 32). · Las altas de septiembre se pueden enviar hasta el 5 de octubre.

Sheet OCTUBRE
A1: medassure beauty Seguro de cirugía estética · Octubre
A2: Seleccione los tratamientos y la duración utilizando las pestañas desplegables (▼). La prima se calculará automáticamente en función del tratamiento de mayor importe seleccionado. Para dudas relacionadas con las altas de los pacientes: info@medassure.es · WhatsApp 672 69 68 21
A3: PLAZO Las altas de octubre se pueden enviar hasta el 5 de noviembre CONDICIONES Duración: 1 año → 5 años Hasta 3 tratamientos por paciente (la prima corresponde al tratamiento de mayor importe)
A4: ⚠ IMPORTANTE Comunique cualquier complicación en un plazo máximo de 7 días a siniestros@iberassekuranz.es · Tel. 91 781 56 32.
B5: MÉDICO | C5: DATOS DEL PACIENTE | K5: DATOS DE LA PÓLIZA | P5: ESTADO | Q5: PÓLIZA
A6: Nº | B6: Cirujano/a * | C6: Nombre * | D6: Apellidos * | E6: Dirección * | F6: Código postal * | G6: Localidad * | H6: País * | I6: Fecha de nacimiento * | J6: Fecha de operación * | K6: Tratamiento 1 * | L6: Tratamiento 2 (opc.) | M6: Tratamiento 3 (opc.) | N6: Duración * | O6: Prima | P6: Estado | Q6: Nº Póliza
A7: 1 | O7: =IFERROR(IF(N7="","",IF(MAX(IFERROR(INDEX(Tarifas!$B$3:$F$65,MATCH(K7,Tarifas!$A$3:$A$65,0),MATCH(N7,Tarifas!$B$2:$F$2,0)),0),IFERROR(INDEX(Tarifas!$B$3:$F$65,MATCH(L7,Tarifas!$A$3:$A$65,0),MATCH(N7,Tarifas!$B$2:$F$2,0)),0),IFERROR(INDEX(Tarifas!$B$3:$F$65,MATCH(M7,Tarifas!$A$3:$A$65,0),MATCH(N7,Tarifas!$B$2:$F$2,0)),0))=0,"",MAX(IFERROR(INDEX(Tarifas!$B$3:$F$65,MATCH(K7,Tarifas!$A$3:$A$65,0),MATCH(N7,Tarifas!$B$2:$F$2,0)),0),IFERROR(INDEX(Tarifas!$B$3:$F$65,MATCH(L7,Tarifas!$A$3:$A$65,0),MATCH(N7,Tarifas!$B$2:$F$2,0)),0),IFERROR(INDEX(Tarifas!$B$3:$F$65,MATCH(M7,Tarifas!$A$3:$A$65,0),MATCH(N7,Tarifas!$B$2:$F$2,0)),0)))),"") | P7: =IF(NOT(OR(B7<>"",C7<>"",D7<>"",E7<>"",F7<>"",G7<>"",H7<>"",I7<>"",J7<>"",K7<>"",N7<>"")),"",IF(AND(B7<>"",C7<>"",D7<>"",E7<>"",F7<>"",G7<>"",H7<>"",I7<>"",J7<>"",K7<>"",N7<>""),"✓ Completo","⚠ Faltan datos"))
A8: 2 | O8: =IFERROR(IF(N8="","",IF(MAX(IFERROR(INDEX(Tarifas!$B$3:$F$65,MATCH(K8,Tarifas!$A$3:$A$65,0),MATCH(N8,Tarifas!$B$2:$F$2,0)),0),IFERROR(INDEX(Tarifas!$B$3:$F$65,MATCH(L8,Tarifas!$A$3:$A$65,0),MATCH(N8,Tarifas!$B$2:$F$2,0)),0),IFERROR(INDEX(Tarifas!$B$3:$F$65,MATCH(M8,Tarifas!$A$3:$A$65,0),MATCH(N8,Tarifas!$B$2:$F$2,0)),0))=0,"",MAX(IFERROR(INDEX(Tarifas!$B$3:$F$65,MATCH(K8,Tarifas!$A$3:$A$65,0),MATCH(N8,Tarifas!$B$2:$F$2,0)),0),IFERROR(INDEX(Tarifas!$B$3:$F$65,MATCH(L8,Tarifas!$A$3:$A$65,0),MATCH(N8,Tarifas!$B$2:$F$2,0)),0),IFERROR(INDEX(Tarifas!$B$3:$F$65,MATCH(M8,Tarifas!$A$3:$A$65,0),MATCH(N8,Tarifas!$B$2:$F$2,0)),0)))),"") | P8: =IF(NOT(OR(B8<>"",C8<>"",D8<>"",E8<>"",F8<>"",G8<>"",H8<>"",I8<>"",J8<>"",K8<>"",N8<>"")),"",IF(AND(B8<>"",C8<>"",D8<>"",E8<>"",F8<>"",G8<>"",H8<>"",I8<>"",J8<>"",K8<>"",N8<>""),"✓ Completo","⚠ Faltan datos"))
A9: 3 | O9: =IFERROR(IF(N9="","",IF(MAX(IFERROR(INDEX(Tarifas!$B$3:$F$65,MATCH(K9,Tarifas!$A$3:$A$65,0),MATCH(N9,Tarifas!$B$2:$F$2,0)),0),IFERROR(INDEX(Tarifas!$B$3:$F$65,MATCH(L9,Tarifas!$A$3:$A$65,0),MATCH(N9,Tarifas!$B$2:$F$2,0)),0),IFERROR(INDEX(Tarifas!$B$3:$F$65,MATCH(M9,Tarifas!$A$3:$A$65,0),MATCH(N9,Tarifas!$B$2:$F$2,0)),0))=0,"",MAX(IFERROR(INDEX(Tarifas!$B$3:$F$65,MATCH(K9,Tarifas!$A$3:$A$65,0),MATCH(N9,Tarifas!$B$2:$F$2,0)),0),IFERROR(INDEX(Tarifas!$B$3:$F$65,MATCH(L9,Tarifas!$A$3:$A$65,0),MATCH(N9,Tarifas!$B$2:$F$2,0)),0),IFERROR(INDEX(Tarifas!$B$3:$F$65,MATCH(M9,Tarifas!$A$3:$A$65,0),MATCH(N9,Tarifas!$B$2:$F$2,0)),0)))),"") | P9: =IF(NOT(OR(B9<>"",C9<>"",D9<>"",E9<>"",F9<>"",G9<>"",H9<>"",I9<>"",J9<>"",K9<>"",N9<>"")),"",IF(AND(B9<>"",C9<>"",D9<>"",E9<>"",F9<>"",G9<>"",H9<>"",I9<>"",J9<>"",K9<>"",N9<>""),"✓ Completo","⚠ Faltan datos"))
A10: 4 | O10: =IFERROR(IF(N10="","",IF(MAX(IFERROR(INDEX(Tarifas!$B$3:$F$65,MATCH(K10,Tarifas!$A$3:$A$65,0),MATCH(N10,Tarifas!$B$2:$F$2,0)),0),IFERROR(INDEX(Tarifas!$B$3:$F$65,MATCH(L10,Tarifas!$A$3:$A$65,0),MATCH(N10,Tarifas!$B$2:$F$2,0)),0),IFERROR(INDEX(Tarifas!$B$3:$F$65,MATCH(M10,Tarifas!$A$3:$A$65,0),MATCH(N10,Tarifas!$B$2:$F$2,0)),0))=0,"",MAX(IFERROR(INDEX(Tarifas!$B$3:$F$65,MATCH(K10,Tarifas!$A$3:$A$65,0),MATCH(N10,Tarifas!$B$2:$F$2,0)),0),IFERROR(INDEX(Tarifas!$B$3:$F$65,MATCH(L10,Tarifas!$A$3:$A$65,0),MATCH(N10,Tarifas!$B$2:$F$2,0)),0),IFERROR(INDEX(Tarifas!$B$3:$F$65,MATCH(M10,Tarifas!$A$3:$A$65,0),MATCH(N10,Tarifas!$B$2:$F$2,0)),0)))),"") | P10: =IF(NOT(OR(B10<>"",C10<>"",D10<>"",E10<>"",F10<>"",G10<>"",H10<>"",I10<>"",J10<>"",K10<>"",N10<>"")),"",IF(AND(B10<>"",C10<>"",D10<>"",E10<>"",F10<>"",G10<>"",H10<>"",I10<>"",J10<>"",K10<>"",N10<>""),"✓ Completo","⚠ Faltan datos"))
A11: 5 | O11: =IFERROR(IF(N11="","",IF(MAX(IFERROR(INDEX(Tarifas!$B$3:$F$65,MATCH(K11,Tarifas!$A$3:$A$65,0),MATCH(N11,Tarifas!$B$2:$F$2,0)),0),IFERROR(INDEX(Tarifas!$B$3:$F$65,MATCH(L11,Tarifas!$A$3:$A$65,0),MATCH(N11,Tarifas!$B$2:$F$2,0)),0),IFERROR(INDEX(Tarifas!$B$3:$F$65,MATCH(M11,Tarifas!$A$3:$A$65,0),MATCH(N11,Tarifas!$B$2:$F$2,0)),0))=0,"",MAX(IFERROR(INDEX(Tarifas!$B$3:$F$65,MATCH(K11,Tarifas!$A$3:$A$65,0),MATCH(N11,Tarifas!$B$2:$F$2,0)),0),IFERROR(INDEX(Tarifas!$B$3:$F$65,MATCH(L11,Tarifas!$A$3:$A$65,0),MATCH(N11,Tarifas!$B$2:$F$2,0)),0),IFERROR(INDEX(Tarifas!$B$3:$F$65,MATCH(M11,Tarifas!$A$3:$A$65,0),MATCH(N11,Tarifas!$B$2:$F$2,0)),0)))),"") | P11: =IF(NOT(OR(B11<>"",C11<>"",D11<>"",E11<>"",F11<>"",G11<>"",H11<>"",I11<>"",J11<>"",K11<>"",N11<>"")),"",IF(AND(B11<>"",C11<>"",D11<>"",E11<>"",F11<>"",G11<>"",H11<>"",I11<>"",J11<>"",K11<>"",N11<>""),"✓ Completo","⚠ Faltan datos"))
A12: 6 | O12: =IFERROR(IF(N12="","",IF(MAX(IFERROR(INDEX(Tarifas!$B$3:$F$65,MATCH(K12,Tarifas!$A$3:$A$65,0),MATCH(N12,Tarifas!$B$2:$F$2,0)),0),IFERROR(INDEX(Tarifas!$B$3:$F$65,MATCH(L12,Tarifas!$A$3:$A$65,0),MATCH(N12,Tarifas!$B$2:$F$2,0)),0),IFERROR(INDEX(Tarifas!$B$3:$F$65,MATCH(M12,Tarifas!$A$3:$A$65,0),MATCH(N12,Tarifas!$B$2:$F$2,0)),0))=0,"",MAX(IFERROR(INDEX(Tarifas!$B$3:$F$65,MATCH(K12,Tarifas!$A$3:$A$65,0),MATCH(N12,Tarifas!$B$2:$F$2,0)),0),IFERROR(INDEX(Tarifas!$B$3:$F$65,MATCH(L12,Tarifas!$A$3:$A$65,0),MATCH(N12,Tarifas!$B$2:$F$2,0)),0),IFERROR(INDEX(Tarifas!$B$3:$F$65,MATCH(M12,Tarifas!$A$3:$A$65,0),MATCH(N12,Tarifas!$B$2:$F$2,0)),0)))),"") | P12: =IF(NOT(OR(B12<>"",C12<>"",D12<>"",E12<>"",F12<>"",G12<>"",H12<>"",I12<>"",J12<>"",K12<>"",N12<>"")),"",IF(AND(B12<>"",C12<>"",D12<>"",E12<>"",F12<>"",G12<>"",H12<>"",I12<>"",J12<>"",K12<>"",N12<>""),"✓ Completo","⚠ Faltan datos"))
A13: 7 | O13: =IFERROR(IF(N13="","",IF(MAX(IFERROR(INDEX(Tarifas!$B$3:$F$65,MATCH(K13,Tarifas!$A$3:$A$65,0),MATCH(N13,Tarifas!$B$2:$F$2,0)),0),IFERROR(INDEX(Tarifas!$B$3:$F$65,MATCH(L13,Tarifas!$A$3:$A$65,0),MATCH(N13,Tarifas!$B$2:$F$2,0)),0),IFERROR(INDEX(Tarifas!$B$3:$F$65,MATCH(M13,Tarifas!$A$3:$A$65,0),MATCH(N13,Tarifas!$B$2:$F$2,0)),0))=0,"",MAX(IFERROR(INDEX(Tarifas!$B$3:$F$65,MATCH(K13,Tarifas!$A$3:$A$65,0),MATCH(N13,Tarifas!$B$2:$F$2,0)),0),IFERROR(INDEX(Tarifas!$B$3:$F$65,MATCH(L13,Tarifas!$A$3:$A$65,0),MATCH(N13,Tarifas!$B$2:$F$2,0)),0),IFERROR(INDEX(Tarifas!$B$3:$F$65,MATCH(M13,Tarifas!$A$3:$A$65,0),MATCH(N13,Tarifas!$B$2:$F$2,0)),0)))),"") | P13: =IF(NOT(OR(B13<>"",C13<>"",D13<>"",E13<>"",F13<>"",G13<>"",H13<>"",I13<>"",J13<>"",K13<>"",N13<>"")),"",IF(AND(B13<>"",C13<>"",D13<>"",E13<>"",F13<>"",G13<>"",H13<>"",I13<>"",J13<>"",K13<>"",N13<>""),"✓ Completo","⚠ Faltan datos"))
A14: 8 | O14: =IFERROR(IF(N14="","",IF(MAX(IFERROR(INDEX(Tarifas!$B$3:$F$65,MATCH(K14,Tarifas!$A$3:$A$65,0),MATCH(N14,Tarifas!$B$2:$F$2,0)),0),IFERROR(INDEX(Tarifas!$B$3:$F$65,MATCH(L14,Tarifas!$A$3:$A$65,0),MATCH(N14,Tarifas!$B$2:$F$2,0)),0),IFERROR(INDEX(Tarifas!$B$3:$F$65,MATCH(M14,Tarifas!$A$3:$A$65,0),MATCH(N14,Tarifas!$B$2:$F$2,0)),0))=0,"",MAX(IFERROR(INDEX(Tarifas!$B$3:$F$65,MATCH(K14,Tarifas!$A$3:$A$65,0),MATCH(N14,Tarifas!$B$2:$F$2,0)),0),IFERROR(INDEX(Tarifas!$B$3:$F$65,MATCH(L14,Tarifas!$A$3:$A$65,0),MATCH(N14,Tarifas!$B$2:$F$2,0)),0),IFERROR(INDEX(Tarifas!$B$3:$F$65,MATCH(M14,Tarifas!$A$3:$A$65,0),MATCH(N14,Tarifas!$B$2:$F$2,0)),0)))),"") | P14: =IF(NOT(OR(B14<>"",C14<>"",D14<>"",E14<>"",F14<>"",G14<>"",H14<>"",I14<>"",J14<>"",K14<>"",N14<>"")),"",IF(AND(B14<>"",C14<>"",D14<>"",E14<>"",F14<>"",G14<>"",H14<>"",I14<>"",J14<>"",K14<>"",N14<>""),"✓ Completo","⚠ Faltan datos"))
A15: 9 | O15: =IFERROR(IF(N15="","",IF(MAX(IFERROR(INDEX(Tarifas!$B$3:$F$65,MATCH(K15,Tarifas!$A$3:$A$65,0),MATCH(N15,Tarifas!$B$2:$F$2,0)),0),IFERROR(INDEX(Tarifas!$B$3:$F$65,MATCH(L15,Tarifas!$A$3:$A$65,0),MATCH(N15,Tarifas!$B$2:$F$2,0)),0),IFERROR(INDEX(Tarifas!$B$3:$F$65,MATCH(M15,Tarifas!$A$3:$A$65,0),MATCH(N15,Tarifas!$B$2:$F$2,0)),0))=0,"",MAX(IFERROR(INDEX(Tarifas!$B$3:$F$65,MATCH(K15,Tarifas!$A$3:$A$65,0),MATCH(N15,Tarifas!$B$2:$F$2,0)),0),IFERROR(INDEX(Tarifas!$B$3:$F$65,MATCH(L15,Tarifas!$A$3:$A$65,0),MATCH(N15,Tarifas!$B$2:$F$2,0)),0),IFERROR(INDEX(Tarifas!$B$3:$F$65,MATCH(M15,Tarifas!$A$3:$A$65,0),MATCH(N15,Tarifas!$B$2:$F$2,0)),0)))),"") | P15: =IF(NOT(OR(B15<>"",C15<>"",D15<>"",E15<>"",F15<>"",G15<>"",H15<>"",I15<>"",J15<>"",K15<>"",N15<>"")),"",IF(AND(B15<>"",C15<>"",D15<>"",E15<>"",F15<>"",G15<>"",H15<>"",I15<>"",J15<>"",K15<>"",N15<>""),"✓ Completo","⚠ Faltan datos"))
A16: 10 | O16: =IFERROR(IF(N16="","",IF(MAX(IFERROR(INDEX(Tarifas!$B$3:$F$65,MATCH(K16,Tarifas!$A$3:$A$65,0),MATCH(N16,Tarifas!$B$2:$F$2,0)),0),IFERROR(INDEX(Tarifas!$B$3:$F$65,MATCH(L16,Tarifas!$A$3:$A$65,0),MATCH(N16,Tarifas!$B$2:$F$2,0)),0),IFERROR(INDEX(Tarifas!$B$3:$F$65,MATCH(M16,Tarifas!$A$3:$A$65,0),MATCH(N16,Tarifas!$B$2:$F$2,0)),0))=0,"",MAX(IFERROR(INDEX(Tarifas!$B$3:$F$65,MATCH(K16,Tarifas!$A$3:$A$65,0),MATCH(N16,Tarifas!$B$2:$F$2,0)),0),IFERROR(INDEX(Tarifas!$B$3:$F$65,MATCH(L16,Tarifas!$A$3:$A$65,0),MATCH(N16,Tarifas!$B$2:$F$2,0)),0),IFERROR(INDEX(Tarifas!$B$3:$F$65,MATCH(M16,Tarifas!$A$3:$A$65,0),MATCH(N16,Tarifas!$B$2:$F$2,0)),0)))),"") | P16: =IF(NOT(OR(B16<>"",C16<>"",D16<>"",E16<>"",F16<>"",G16<>"",H16<>"",I16<>"",J16<>"",K16<>"",N16<>"")),"",IF(AND(B16<>"",C16<>"",D16<>"",E16<>"",F16<>"",G16<>"",H16<>"",I16<>"",J16<>"",K16<>"",N16<>""),"✓ Completo","⚠ Faltan datos"))
A17: 11 | O17: =IFERROR(IF(N17="","",IF(MAX(IFERROR(INDEX(Tarifas!$B$3:$F$65,MATCH(K17,Tarifas!$A$3:$A$65,0),MATCH(N17,Tarifas!$B$2:$F$2,0)),0),IFERROR(INDEX(Tarifas!$B$3:$F$65,MATCH(L17,Tarifas!$A$3:$A$65,0),MATCH(N17,Tarifas!$B$2:$F$2,0)),0),IFERROR(INDEX(Tarifas!$B$3:$F$65,MATCH(M17,Tarifas!$A$3:$A$65,0),MATCH(N17,Tarifas!$B$2:$F$2,0)),0))=0,"",MAX(IFERROR(INDEX(Tarifas!$B$3:$F$65,MATCH(K17,Tarifas!$A$3:$A$65,0),MATCH(N17,Tarifas!$B$2:$F$2,0)),0),IFERROR(INDEX(Tarifas!$B$3:$F$65,MATCH(L17,Tarifas!$A$3:$A$65,0),MATCH(N17,Tarifas!$B$2:$F$2,0)),0),IFERROR(INDEX(Tarifas!$B$3:$F$65,MATCH(M17,Tarifas!$A$3:$A$65,0),MATCH(N17,Tarifas!$B$2:$F$2,0)),0)))),"") | P17: =IF(NOT(OR(B17<>"",C17<>"",D17<>"",E17<>"",F17<>"",G17<>"",H17<>"",I17<>"",J17<>"",K17<>"",N17<>"")),"",IF(AND(B17<>"",C17<>"",D17<>"",E17<>"",F17<>"",G17<>"",H17<>"",I17<>"",J17<>"",K17<>"",N17<>""),"✓ Completo","⚠ Faltan datos"))
A18: 12 | O18: =IFERROR(IF(N18="","",IF(MAX(IFERROR(INDEX(Tarifas!$B$3:$F$65,MATCH(K18,Tarifas!$A$3:$A$65,0),MATCH(N18,Tarifas!$B$2:$F$2,0)),0),IFERROR(INDEX(Tarifas!$B$3:$F$65,MATCH(L18,Tarifas!$A$3:$A$65,0),MATCH(N18,Tarifas!$B$2:$F$2,0)),0),IFERROR(INDEX(Tarifas!$B$3:$F$65,MATCH(M18,Tarifas!$A$3:$A$65,0),MATCH(N18,Tarifas!$B$2:$F$2,0)),0))=0,"",MAX(IFERROR(INDEX(Tarifas!$B$3:$F$65,MATCH(K18,Tarifas!$A$3:$A$65,0),MATCH(N18,Tarifas!$B$2:$F$2,0)),0),IFERROR(INDEX(Tarifas!$B$3:$F$65,MATCH(L18,Tarifas!$A$3:$A$65,0),MATCH(N18,Tarifas!$B$2:$F$2,0)),0),IFERROR(INDEX(Tarifas!$B$3:$F$65,MATCH(M18,Tarifas!$A$3:$A$65,0),MATCH(N18,Tarifas!$B$2:$F$2,0)),0)))),"") | P18: =IF(NOT(OR(B18<>"",C18<>"",D18<>"",E18<>"",F18<>"",G18<>"",H18<>"",I18<>"",J18<>"",K18<>"",N18<>"")),"",IF(AND(B18<>"",C18<>"",D18<>"",E18<>"",F18<>"",G18<>"",H18<>"",I18<>"",J18<>"",K18<>"",N18<>""),"✓ Completo","⚠ Faltan datos"))
... A53: 47 | O53: =IFERROR(IF(N53="","",IF(MAX(IFERROR(INDEX(Tarifas!$B$3:$F$65,MATCH(K53,Tarifas!$A$3:$A$65,0),MATCH(N53,Tarifas!$B$2:$F$2,0)),0),IFERROR(INDEX(Tarifas!$B$3:$F$65,MATCH(L53,Tarifas!$A$3:$A$65,0),MATCH(N53,Tarifas!$B$2:$F$2,0)),0),IFERROR(INDEX(Tarifas!$B$3:$F$65,MATCH(M53,Tarifas!$A$3:$A$65,0),MATCH(N53,Tarifas!$B$2:$F$2,0)),0))=0,"",MAX(IFERROR(INDEX(Tarifas!$B$3:$F$65,MATCH(K53,Tarifas!$A$3:$A$65,0),MATCH(N53,Tarifas!$B$2:$F$2,0)),0),IFERROR(INDEX(Tarifas!$B$3:$F$65,MATCH(L53,Tarifas!$A$3:$A$65,0),MATCH(N53,Tarifas!$B$2:$F$2,0)),0),IFERROR(INDEX(Tarifas!$B$3:$F$65,MATCH(M53,Tarifas!$A$3:$A$65,0),MATCH(N53,Tarifas!$B$2:$F$2,0)),0)))),"") | P53: =IF(NOT(OR(B53<>"",C53<>"",D53<>"",E53<>"",F53<>"",G53<>"",H53<>"",I53<>"",J53<>"",K53<>"",N53<>"")),"",IF(AND(B53<>"",C53<>"",D53<>"",E53<>"",F53<>"",G53<>"",H53<>"",I53<>"",J53<>"",K53<>"",N53<>""),"✓ Completo","⚠ Faltan datos"))
A55: RESUMEN | K55: Pacientes asegurados: | L55: =COUNTA(C7:C53) | M55: PRIMA TOTAL: | O55: =SUM(O7:O53) | P55: =COUNTIF(P7:P53,"✓ Completo")&" OK" | Q55: =COUNTA(Q7:Q53)&" con póliza"
A57: ⚠ El Nº de póliza lo asigna medassure: cuando una fila tiene póliza, el paciente queda marcado en verde.
A58: Nota — Hasta 3 tratamientos sin recargo — la prima corresponde al tratamiento de mayor importe según la duración elegida. · «✓ Completo» requiere todos los campos marcados con * (tratamientos 2–3 opcionales). · Comunique cualquier complicación en ≤ 7 días a siniestros@iberassekuranz.es (Tel. 91 781 56 32). · Las altas de octubre se pueden enviar hasta el 5 de noviembre.

Sheet NOVIEMBRE
A1: medassure beauty Seguro de cirugía estética · Noviembre
A2: Seleccione los tratamientos y la duración utilizando las pestañas desplegables (▼). La prima se calculará automáticamente en función del tratamiento de mayor importe seleccionado. Para dudas relacionadas con las altas de los pacientes: info@medassure.es · WhatsApp 672 69 68 21
A3: PLAZO Las altas de noviembre se pueden enviar hasta el 5 de diciembre CONDICIONES Duración: 1 año → 5 años Hasta 3 tratamientos por paciente (la prima corresponde al tratamiento de mayor importe)
A4: ⚠ IMPORTANTE Comunique cualquier complicación en un plazo máximo de 7 días a siniestros@iberassekuranz.es · Tel. 91 781 56 32.
B5: MÉDICO | C5: DATOS DEL PACIENTE | K5: DATOS DE LA PÓLIZA | P5: ESTADO | Q5: PÓLIZA
A6: Nº | B6: Cirujano/a * | C6: Nombre * | D6: Apellidos * | E6: Dirección * | F6: Código postal * | G6: Localidad * | H6: País * | I6: Fecha de nacimiento * | J6: Fecha de operación * | K6: Tratamiento 1 * | L6: Tratamiento 2 (opc.) | M6: Tratamiento 3 (opc.) | N6: Duración * | O6: Prima | P6: Estado | Q6: Nº Póliza
A7: 1 | O7: =IFERROR(IF(N7="","",IF(MAX(IFERROR(INDEX(Tarifas!$B$3:$F$65,MATCH(K7,Tarifas!$A$3:$A$65,0),MATCH(N7,Tarifas!$B$2:$F$2,0)),0),IFERROR(INDEX(Tarifas!$B$3:$F$65,MATCH(L7,Tarifas!$A$3:$A$65,0),MATCH(N7,Tarifas!$B$2:$F$2,0)),0),IFERROR(INDEX(Tarifas!$B$3:$F$65,MATCH(M7,Tarifas!$A$3:$A$65,0),MATCH(N7,Tarifas!$B$2:$F$2,0)),0))=0,"",MAX(IFERROR(INDEX(Tarifas!$B$3:$F$65,MATCH(K7,Tarifas!$A$3:$A$65,0),MATCH(N7,Tarifas!$B$2:$F$2,0)),0),IFERROR(INDEX(Tarifas!$B$3:$F$65,MATCH(L7,Tarifas!$A$3:$A$65,0),MATCH(N7,Tarifas!$B$2:$F$2,0)),0),IFERROR(INDEX(Tarifas!$B$3:$F$65,MATCH(M7,Tarifas!$A$3:$A$65,0),MATCH(N7,Tarifas!$B$2:$F$2,0)),0)))),"") | P7: =IF(NOT(OR(B7<>"",C7<>"",D7<>"",E7<>"",F7<>"",G7<>"",H7<>"",I7<>"",J7<>"",K7<>"",N7<>"")),"",IF(AND(B7<>"",C7<>"",D7<>"",E7<>"",F7<>"",G7<>"",H7<>"",I7<>"",J7<>"",K7<>"",N7<>""),"✓ Completo","⚠ Faltan datos"))
A8: 2 | O8: =IFERROR(IF(N8="","",IF(MAX(IFERROR(INDEX(Tarifas!$B$3:$F$65,MATCH(K8,Tarifas!$A$3:$A$65,0),MATCH(N8,Tarifas!$B$2:$F$2,0)),0),IFERROR(INDEX(Tarifas!$B$3:$F$65,MATCH(L8,Tarifas!$A$3:$A$65,0),MATCH(N8,Tarifas!$B$2:$F$2,0)),0),IFERROR(INDEX(Tarifas!$B$3:$F$65,MATCH(M8,Tarifas!$A$3:$A$65,0),MATCH(N8,Tarifas!$B$2:$F$2,0)),0))=0,"",MAX(IFERROR(INDEX(Tarifas!$B$3:$F$65,MATCH(K8,Tarifas!$A$3:$A$65,0),MATCH(N8,Tarifas!$B$2:$F$2,0)),0),IFERROR(INDEX(Tarifas!$B$3:$F$65,MATCH(L8,Tarifas!$A$3:$A$65,0),MATCH(N8,Tarifas!$B$2:$F$2,0)),0),IFERROR(INDEX(Tarifas!$B$3:$F$65,MATCH(M8,Tarifas!$A$3:$A$65,0),MATCH(N8,Tarifas!$B$2:$F$2,0)),0)))),"") | P8: =IF(NOT(OR(B8<>"",C8<>"",D8<>"",E8<>"",F8<>"",G8<>"",H8<>"",I8<>"",J8<>"",K8<>"",N8<>"")),"",IF(AND(B8<>"",C8<>"",D8<>"",E8<>"",F8<>"",G8<>"",H8<>"",I8<>"",J8<>"",K8<>"",N8<>""),"✓ Completo","⚠ Faltan datos"))
A9: 3 | O9: =IFERROR(IF(N9="","",IF(MAX(IFERROR(INDEX(Tarifas!$B$3:$F$65,MATCH(K9,Tarifas!$A$3:$A$65,0),MATCH(N9,Tarifas!$B$2:$F$2,0)),0),IFERROR(INDEX(Tarifas!$B$3:$F$65,MATCH(L9,Tarifas!$A$3:$A$65,0),MATCH(N9,Tarifas!$B$2:$F$2,0)),0),IFERROR(INDEX(Tarifas!$B$3:$F$65,MATCH(M9,Tarifas!$A$3:$A$65,0),MATCH(N9,Tarifas!$B$2:$F$2,0)),0))=0,"",MAX(IFERROR(INDEX(Tarifas!$B$3:$F$65,MATCH(K9,Tarifas!$A$3:$A$65,0),MATCH(N9,Tarifas!$B$2:$F$2,0)),0),IFERROR(INDEX(Tarifas!$B$3:$F$65,MATCH(L9,Tarifas!$A$3:$A$65,0),MATCH(N9,Tarifas!$B$2:$F$2,0)),0),IFERROR(INDEX(Tarifas!$B$3:$F$65,MATCH(M9,Tarifas!$A$3:$A$65,0),MATCH(N9,Tarifas!$B$2:$F$2,0)),0)))),"") | P9: =IF(NOT(OR(B9<>"",C9<>"",D9<>"",E9<>"",F9<>"",G9<>"",H9<>"",I9<>"",J9<>"",K9<>"",N9<>"")),"",IF(AND(B9<>"",C9<>"",D9<>"",E9<>"",F9<>"",G9<>"",H9<>"",I9<>"",J9<>"",K9<>"",N9<>""),"✓ Completo","⚠ Faltan datos"))
A10: 4 | O10: =IFERROR(IF(N10="","",IF(MAX(IFERROR(INDEX(Tarifas!$B$3:$F$65,MATCH(K10,Tarifas!$A$3:$A$65,0),MATCH(N10,Tarifas!$B$2:$F$2,0)),0),IFERROR(INDEX(Tarifas!$B$3:$F$65,MATCH(L10,Tarifas!$A$3:$A$65,0),MATCH(N10,Tarifas!$B$2:$F$2,0)),0),IFERROR(INDEX(Tarifas!$B$3:$F$65,MATCH(M10,Tarifas!$A$3:$A$65,0),MATCH(N10,Tarifas!$B$2:$F$2,0)),0))=0,"",MAX(IFERROR(INDEX(Tarifas!$B$3:$F$65,MATCH(K10,Tarifas!$A$3:$A$65,0),MATCH(N10,Tarifas!$B$2:$F$2,0)),0),IFERROR(INDEX(Tarifas!$B$3:$F$65,MATCH(L10,Tarifas!$A$3:$A$65,0),MATCH(N10,Tarifas!$B$2:$F$2,0)),0),IFERROR(INDEX(Tarifas!$B$3:$F$65,MATCH(M10,Tarifas!$A$3:$A$65,0),MATCH(N10,Tarifas!$B$2:$F$2,0)),0)))),"") | P10: =IF(NOT(OR(B10<>"",C10<>"",D10<>"",E10<>"",F10<>"",G10<>"",H10<>"",I10<>"",J10<>"",K10<>"",N10<>"")),"",IF(AND(B10<>"",C10<>"",D10<>"",E10<>"",F10<>"",G10<>"",H10<>"",I10<>"",J10<>"",K10<>"",N10<>""),"✓ Completo","⚠ Faltan datos"))
A11: 5 | O11: =IFERROR(IF(N11="","",IF(MAX(IFERROR(INDEX(Tarifas!$B$3:$F$65,MATCH(K11,Tarifas!$A$3:$A$65,0),MATCH(N11,Tarifas!$B$2:$F$2,0)),0),IFERROR(INDEX(Tarifas!$B$3:$F$65,MATCH(L11,Tarifas!$A$3:$A$65,0),MATCH(N11,Tarifas!$B$2:$F$2,0)),0),IFERROR(INDEX(Tarifas!$B$3:$F$65,MATCH(M11,Tarifas!$A$3:$A$65,0),MATCH(N11,Tarifas!$B$2:$F$2,0)),0))=0,"",MAX(IFERROR(INDEX(Tarifas!$B$3:$F$65,MATCH(K11,Tarifas!$A$3:$A$65,0),MATCH(N11,Tarifas!$B$2:$F$2,0)),0),IFERROR(INDEX(Tarifas!$B$3:$F$65,MATCH(L11,Tarifas!$A$3:$A$65,0),MATCH(N11,Tarifas!$B$2:$F$2,0)),0),IFERROR(INDEX(Tarifas!$B$3:$F$65,MATCH(M11,Tarifas!$A$3:$A$65,0),MATCH(N11,Tarifas!$B$2:$F$2,0)),0)))),"") | P11: =IF(NOT(OR(B11<>"",C11<>"",D11<>"",E11<>"",F11<>"",G11<>"",H11<>"",I11<>"",J11<>"",K11<>"",N11<>"")),"",IF(AND(B11<>"",C11<>"",D11<>"",E11<>"",F11<>"",G11<>"",H11<>"",I11<>"",J11<>"",K11<>"",N11<>""),"✓ Completo","⚠ Faltan datos"))
A12: 6 | O12: =IFERROR(IF(N12="","",IF(MAX(IFERROR(INDEX(Tarifas!$B$3:$F$65,MATCH(K12,Tarifas!$A$3:$A$65,0),MATCH(N12,Tarifas!$B$2:$F$2,0)),0),IFERROR(INDEX(Tarifas!$B$3:$F$65,MATCH(L12,Tarifas!$A$3:$A$65,0),MATCH(N12,Tarifas!$B$2:$F$2,0)),0),IFERROR(INDEX(Tarifas!$B$3:$F$65,MATCH(M12,Tarifas!$A$3:$A$65,0),MATCH(N12,Tarifas!$B$2:$F$2,0)),0))=0,"",MAX(IFERROR(INDEX(Tarifas!$B$3:$F$65,MATCH(K12,Tarifas!$A$3:$A$65,0),MATCH(N12,Tarifas!$B$2:$F$2,0)),0),IFERROR(INDEX(Tarifas!$B$3:$F$65,MATCH(L12,Tarifas!$A$3:$A$65,0),MATCH(N12,Tarifas!$B$2:$F$2,0)),0),IFERROR(INDEX(Tarifas!$B$3:$F$65,MATCH(M12,Tarifas!$A$3:$A$65,0),MATCH(N12,Tarifas!$B$2:$F$2,0)),0)))),"") | P12: =IF(NOT(OR(B12<>"",C12<>"",D12<>"",E12<>"",F12<>"",G12<>"",H12<>"",I12<>"",J12<>"",K12<>"",N12<>"")),"",IF(AND(B12<>"",C12<>"",D12<>"",E12<>"",F12<>"",G12<>"",H12<>"",I12<>"",J12<>"",K12<>"",N12<>""),"✓ Completo","⚠ Faltan datos"))
A13: 7 | O13: =IFERROR(IF(N13="","",IF(MAX(IFERROR(INDEX(Tarifas!$B$3:$F$65,MATCH(K13,Tarifas!$A$3:$A$65,0),MATCH(N13,Tarifas!$B$2:$F$2,0)),0),IFERROR(INDEX(Tarifas!$B$3:$F$65,MATCH(L13,Tarifas!$A$3:$A$65,0),MATCH(N13,Tarifas!$B$2:$F$2,0)),0),IFERROR(INDEX(Tarifas!$B$3:$F$65,MATCH(M13,Tarifas!$A$3:$A$65,0),MATCH(N13,Tarifas!$B$2:$F$2,0)),0))=0,"",MAX(IFERROR(INDEX(Tarifas!$B$3:$F$65,MATCH(K13,Tarifas!$A$3:$A$65,0),MATCH(N13,Tarifas!$B$2:$F$2,0)),0),IFERROR(INDEX(Tarifas!$B$3:$F$65,MATCH(L13,Tarifas!$A$3:$A$65,0),MATCH(N13,Tarifas!$B$2:$F$2,0)),0),IFERROR(INDEX(Tarifas!$B$3:$F$65,MATCH(M13,Tarifas!$A$3:$A$65,0),MATCH(N13,Tarifas!$B$2:$F$2,0)),0)))),"") | P13: =IF(NOT(OR(B13<>"",C13<>"",D13<>"",E13<>"",F13<>"",G13<>"",H13<>"",I13<>"",J13<>"",K13<>"",N13<>"")),"",IF(AND(B13<>"",C13<>"",D13<>"",E13<>"",F13<>"",G13<>"",H13<>"",I13<>"",J13<>"",K13<>"",N13<>""),"✓ Completo","⚠ Faltan datos"))
A14: 8 | O14: =IFERROR(IF(N14="","",IF(MAX(IFERROR(INDEX(Tarifas!$B$3:$F$65,MATCH(K14,Tarifas!$A$3:$A$65,0),MATCH(N14,Tarifas!$B$2:$F$2,0)),0),IFERROR(INDEX(Tarifas!$B$3:$F$65,MATCH(L14,Tarifas!$A$3:$A$65,0),MATCH(N14,Tarifas!$B$2:$F$2,0)),0),IFERROR(INDEX(Tarifas!$B$3:$F$65,MATCH(M14,Tarifas!$A$3:$A$65,0),MATCH(N14,Tarifas!$B$2:$F$2,0)),0))=0,"",MAX(IFERROR(INDEX(Tarifas!$B$3:$F$65,MATCH(K14,Tarifas!$A$3:$A$65,0),MATCH(N14,Tarifas!$B$2:$F$2,0)),0),IFERROR(INDEX(Tarifas!$B$3:$F$65,MATCH(L14,Tarifas!$A$3:$A$65,0),MATCH(N14,Tarifas!$B$2:$F$2,0)),0),IFERROR(INDEX(Tarifas!$B$3:$F$65,MATCH(M14,Tarifas!$A$3:$A$65,0),MATCH(N14,Tarifas!$B$2:$F$2,0)),0)))),"") | P14: =IF(NOT(OR(B14<>"",C14<>"",D14<>"",E14<>"",F14<>"",G14<>"",H14<>"",I14<>"",J14<>"",K14<>"",N14<>"")),"",IF(AND(B14<>"",C14<>"",D14<>"",E14<>"",F14<>"",G14<>"",H14<>"",I14<>"",J14<>"",K14<>"",N14<>""),"✓ Completo","⚠ Faltan datos"))
A15: 9 | O15: =IFERROR(IF(N15="","",IF(MAX(IFERROR(INDEX(Tarifas!$B$3:$F$65,MATCH(K15,Tarifas!$A$3:$A$65,0),MATCH(N15,Tarifas!$B$2:$F$2,0)),0),IFERROR(INDEX(Tarifas!$B$3:$F$65,MATCH(L15,Tarifas!$A$3:$A$65,0),MATCH(N15,Tarifas!$B$2:$F$2,0)),0),IFERROR(INDEX(Tarifas!$B$3:$F$65,MATCH(M15,Tarifas!$A$3:$A$65,0),MATCH(N15,Tarifas!$B$2:$F$2,0)),0))=0,"",MAX(IFERROR(INDEX(Tarifas!$B$3:$F$65,MATCH(K15,Tarifas!$A$3:$A$65,0),MATCH(N15,Tarifas!$B$2:$F$2,0)),0),IFERROR(INDEX(Tarifas!$B$3:$F$65,MATCH(L15,Tarifas!$A$3:$A$65,0),MATCH(N15,Tarifas!$B$2:$F$2,0)),0),IFERROR(INDEX(Tarifas!$B$3:$F$65,MATCH(M15,Tarifas!$A$3:$A$65,0),MATCH(N15,Tarifas!$B$2:$F$2,0)),0)))),"") | P15: =IF(NOT(OR(B15<>"",C15<>"",D15<>"",E15<>"",F15<>"",G15<>"",H15<>"",I15<>"",J15<>"",K15<>"",N15<>"")),"",IF(AND(B15<>"",C15<>"",D15<>"",E15<>"",F15<>"",G15<>"",H15<>"",I15<>"",J15<>"",K15<>"",N15<>""),"✓ Completo","⚠ Faltan datos"))
A16: 10 | O16: =IFERROR(IF(N16="","",IF(MAX(IFERROR(INDEX(Tarifas!$B$3:$F$65,MATCH(K16,Tarifas!$A$3:$A$65,0),MATCH(N16,Tarifas!$B$2:$F$2,0)),0),IFERROR(INDEX(Tarifas!$B$3:$F$65,MATCH(L16,Tarifas!$A$3:$A$65,0),MATCH(N16,Tarifas!$B$2:$F$2,0)),0),IFERROR(INDEX(Tarifas!$B$3:$F$65,MATCH(M16,Tarifas!$A$3:$A$65,0),MATCH(N16,Tarifas!$B$2:$F$2,0)),0))=0,"",MAX(IFERROR(INDEX(Tarifas!$B$3:$F$65,MATCH(K16,Tarifas!$A$3:$A$65,0),MATCH(N16,Tarifas!$B$2:$F$2,0)),0),IFERROR(INDEX(Tarifas!$B$3:$F$65,MATCH(L16,Tarifas!$A$3:$A$65,0),MATCH(N16,Tarifas!$B$2:$F$2,0)),0),IFERROR(INDEX(Tarifas!$B$3:$F$65,MATCH(M16,Tarifas!$A$3:$A$65,0),MATCH(N16,Tarifas!$B$2:$F$2,0)),0)))),"") | P16: =IF(NOT(OR(B16<>"",C16<>"",D16<>"",E16<>"",F16<>"",G16<>"",H16<>"",I16<>"",J16<>"",K16<>"",N16<>"")),"",IF(AND(B16<>"",C16<>"",D16<>"",E16<>"",F16<>"",G16<>"",H16<>"",I16<>"",J16<>"",K16<>"",N16<>""),"✓ Completo","⚠ Faltan datos"))
A17: 11 | O17: =IFERROR(IF(N17="","",IF(MAX(IFERROR(INDEX(Tarifas!$B$3:$F$65,MATCH(K17,Tarifas!$A$3:$A$65,0),MATCH(N17,Tarifas!$B$2:$F$2,0)),0),IFERROR(INDEX(Tarifas!$B$3:$F$65,MATCH(L17,Tarifas!$A$3:$A$65,0),MATCH(N17,Tarifas!$B$2:$F$2,0)),0),IFERROR(INDEX(Tarifas!$B$3:$F$65,MATCH(M17,Tarifas!$A$3:$A$65,0),MATCH(N17,Tarifas!$B$2:$F$2,0)),0))=0,"",MAX(IFERROR(INDEX(Tarifas!$B$3:$F$65,MATCH(K17,Tarifas!$A$3:$A$65,0),MATCH(N17,Tarifas!$B$2:$F$2,0)),0),IFERROR(INDEX(Tarifas!$B$3:$F$65,MATCH(L17,Tarifas!$A$3:$A$65,0),MATCH(N17,Tarifas!$B$2:$F$2,0)),0),IFERROR(INDEX(Tarifas!$B$3:$F$65,MATCH(M17,Tarifas!$A$3:$A$65,0),MATCH(N17,Tarifas!$B$2:$F$2,0)),0)))),"") | P17: =IF(NOT(OR(B17<>"",C17<>"",D17<>"",E17<>"",F17<>"",G17<>"",H17<>"",I17<>"",J17<>"",K17<>"",N17<>"")),"",IF(AND(B17<>"",C17<>"",D17<>"",E17<>"",F17<>"",G17<>"",H17<>"",I17<>"",J17<>"",K17<>"",N17<>""),"✓ Completo","⚠ Faltan datos"))
A18: 12 | O18: =IFERROR(IF(N18="","",IF(MAX(IFERROR(INDEX(Tarifas!$B$3:$F$65,MATCH(K18,Tarifas!$A$3:$A$65,0),MATCH(N18,Tarifas!$B$2:$F$2,0)),0),IFERROR(INDEX(Tarifas!$B$3:$F$65,MATCH(L18,Tarifas!$A$3:$A$65,0),MATCH(N18,Tarifas!$B$2:$F$2,0)),0),IFERROR(INDEX(Tarifas!$B$3:$F$65,MATCH(M18,Tarifas!$A$3:$A$65,0),MATCH(N18,Tarifas!$B$2:$F$2,0)),0))=0,"",MAX(IFERROR(INDEX(Tarifas!$B$3:$F$65,MATCH(K18,Tarifas!$A$3:$A$65,0),MATCH(N18,Tarifas!$B$2:$F$2,0)),0),IFERROR(INDEX(Tarifas!$B$3:$F$65,MATCH(L18,Tarifas!$A$3:$A$65,0),MATCH(N18,Tarifas!$B$2:$F$2,0)),0),IFERROR(INDEX(Tarifas!$B$3:$F$65,MATCH(M18,Tarifas!$A$3:$A$65,0),MATCH(N18,Tarifas!$B$2:$F$2,0)),0)))),"") | P18: =IF(NOT(OR(B18<>"",C18<>"",D18<>"",E18<>"",F18<>"",G18<>"",H18<>"",I18<>"",J18<>"",K18<>"",N18<>"")),"",IF(AND(B18<>"",C18<>"",D18<>"",E18<>"",F18<>"",G18<>"",H18<>"",I18<>"",J18<>"",K18<>"",N18<>""),"✓ Completo","⚠ Faltan datos"))
... A53: 47 | O53: =IFERROR(IF(N53="","",IF(MAX(IFERROR(INDEX(Tarifas!$B$3:$F$65,MATCH(K53,Tarifas!$A$3:$A$65,0),MATCH(N53,Tarifas!$B$2:$F$2,0)),0),IFERROR(INDEX(Tarifas!$B$3:$F$65,MATCH(L53,Tarifas!$A$3:$A$65,0),MATCH(N53,Tarifas!$B$2:$F$2,0)),0),IFERROR(INDEX(Tarifas!$B$3:$F$65,MATCH(M53,Tarifas!$A$3:$A$65,0),MATCH(N53,Tarifas!$B$2:$F$2,0)),0))=0,"",MAX(IFERROR(INDEX(Tarifas!$B$3:$F$65,MATCH(K53,Tarifas!$A$3:$A$65,0),MATCH(N53,Tarifas!$B$2:$F$2,0)),0),IFERROR(INDEX(Tarifas!$B$3:$F$65,MATCH(L53,Tarifas!$A$3:$A$65,0),MATCH(N53,Tarifas!$B$2:$F$2,0)),0),IFERROR(INDEX(Tarifas!$B$3:$F$65,MATCH(M53,Tarifas!$A$3:$A$65,0),MATCH(N53,Tarifas!$B$2:$F$2,0)),0)))),"") | P53: =IF(NOT(OR(B53<>"",C53<>"",D53<>"",E53<>"",F53<>"",G53<>"",H53<>"",I53<>"",J53<>"",K53<>"",N53<>"")),"",IF(AND(B53<>"",C53<>"",D53<>"",E53<>"",F53<>"",G53<>"",H53<>"",I53<>"",J53<>"",K53<>"",N53<>""),"✓ Completo","⚠ Faltan datos"))
A55: RESUMEN | K55: Pacientes asegurados: | L55: =COUNTA(C7:C53) | M55: PRIMA TOTAL: | O55: =SUM(O7:O53) | P55: =COUNTIF(P7:P53,"✓ Completo")&" OK" | Q55: =COUNTA(Q7:Q53)&" con póliza"
A57: ⚠ El Nº de póliza lo asigna medassure: cuando una fila tiene póliza, el paciente queda marcado en verde.
A58: Nota — Hasta 3 tratamientos sin recargo — la prima corresponde al tratamiento de mayor importe según la duración elegida. · «✓ Completo» requiere todos los campos marcados con * (tratamientos 2–3 opcionales). · Comunique cualquier complicación en ≤ 7 días a siniestros@iberassekuranz.es (Tel. 91 781 56 32). · Las altas de noviembre se pueden enviar hasta el 5 de diciembre.

Sheet DICIEMBRE
A1: medassure beauty Seguro de cirugía estética · Diciembre
A2: Seleccione los tratamientos y la duración utilizando las pestañas desplegables (▼). La prima se calculará automáticamente en función del tratamiento de mayor importe seleccionado. Para dudas relacionadas con las altas de los pacientes: info@medassure.es · WhatsApp 672 69 68 21
A3: PLAZO Las altas de diciembre se pueden enviar hasta el 5 de enero CONDICIONES Duración: 1 año → 5 años Hasta 3 tratamientos por paciente (la prima corresponde al tratamiento de mayor importe)
A4: ⚠ IMPORTANTE Comunique cualquier complicación en un plazo máximo de 7 días a siniestros@iberassekuranz.es · Tel. 91 781 56 32.
B5: MÉDICO | C5: DATOS DEL PACIENTE | K5: DATOS DE LA PÓLIZA | P5: ESTADO | Q5: PÓLIZA
A6: Nº | B6: Cirujano/a * | C6: Nombre * | D6: Apellidos * | E6: Dirección * | F6: Código postal * | G6: Localidad * | H6: País * | I6: Fecha de nacimiento * | J6: Fecha de operación * | K6: Tratamiento 1 * | L6: Tratamiento 2 (opc.) | M6: Tratamiento 3 (opc.) | N6: Duración * | O6: Prima | P6: Estado | Q6: Nº Póliza
A7: 1 | O7: =IFERROR(IF(N7="","",IF(MAX(IFERROR(INDEX(Tarifas!$B$3:$F$65,MATCH(K7,Tarifas!$A$3:$A$65,0),MATCH(N7,Tarifas!$B$2:$F$2,0)),0),IFERROR(INDEX(Tarifas!$B$3:$F$65,MATCH(L7,Tarifas!$A$3:$A$65,0),MATCH(N7,Tarifas!$B$2:$F$2,0)),0),IFERROR(INDEX(Tarifas!$B$3:$F$65,MATCH(M7,Tarifas!$A$3:$A$65,0),MATCH(N7,Tarifas!$B$2:$F$2,0)),0))=0,"",MAX(IFERROR(INDEX(Tarifas!$B$3:$F$65,MATCH(K7,Tarifas!$A$3:$A$65,0),MATCH(N7,Tarifas!$B$2:$F$2,0)),0),IFERROR(INDEX(Tarifas!$B$3:$F$65,MATCH(L7,Tarifas!$A$3:$A$65,0),MATCH(N7,Tarifas!$B$2:$F$2,0)),0),IFERROR(INDEX(Tarifas!$B$3:$F$65,MATCH(M7,Tarifas!$A$3:$A$65,0),MATCH(N7,Tarifas!$B$2:$F$2,0)),0)))),"") | P7: =IF(NOT(OR(B7<>"",C7<>"",D7<>"",E7<>"",F7<>"",G7<>"",H7<>"",I7<>"",J7<>"",K7<>"",N7<>"")),"",IF(AND(B7<>"",C7<>"",D7<>"",E7<>"",F7<>"",G7<>"",H7<>"",I7<>"",J7<>"",K7<>"",N7<>""),"✓ Completo","⚠ Faltan datos"))
A8: 2 | O8: =IFERROR(IF(N8="","",IF(MAX(IFERROR(INDEX(Tarifas!$B$3:$F$65,MATCH(K8,Tarifas!$A$3:$A$65,0),MATCH(N8,Tarifas!$B$2:$F$2,0)),0),IFERROR(INDEX(Tarifas!$B$3:$F$65,MATCH(L8,Tarifas!$A$3:$A$65,0),MATCH(N8,Tarifas!$B$2:$F$2,0)),0),IFERROR(INDEX(Tarifas!$B$3:$F$65,MATCH(M8,Tarifas!$A$3:$A$65,0),MATCH(N8,Tarifas!$B$2:$F$2,0)),0))=0,"",MAX(IFERROR(INDEX(Tarifas!$B$3:$F$65,MATCH(K8,Tarifas!$A$3:$A$65,0),MATCH(N8,Tarifas!$B$2:$F$2,0)),0),IFERROR(INDEX(Tarifas!$B$3:$F$65,MATCH(L8,Tarifas!$A$3:$A$65,0),MATCH(N8,Tarifas!$B$2:$F$2,0)),0),IFERROR(INDEX(Tarifas!$B$3:$F$65,MATCH(M8,Tarifas!$A$3:$A$65,0),MATCH(N8,Tarifas!$B$2:$F$2,0)),0)))),"") | P8: =IF(NOT(OR(B8<>"",C8<>"",D8<>"",E8<>"",F8<>"",G8<>"",H8<>"",I8<>"",J8<>"",K8<>"",N8<>"")),"",IF(AND(B8<>"",C8<>"",D8<>"",E8<>"",F8<>"",G8<>"",H8<>"",I8<>"",J8<>"",K8<>"",N8<>""),"✓ Completo","⚠ Faltan datos"))
A9: 3 | O9: =IFERROR(IF(N9="","",IF(MAX(IFERROR(INDEX(Tarifas!$B$3:$F$65,MATCH(K9,Tarifas!$A$3:$A$65,0),MATCH(N9,Tarifas!$B$2:$F$2,0)),0),IFERROR(INDEX(Tarifas!$B$3:$F$65,MATCH(L9,Tarifas!$A$3:$A$65,0),MATCH(N9,Tarifas!$B$2:$F$2,0)),0),IFERROR(INDEX(Tarifas!$B$3:$F$65,MATCH(M9,Tarifas!$A$3:$A$65,0),MATCH(N9,Tarifas!$B$2:$F$2,0)),0))=0,"",MAX(IFERROR(INDEX(Tarifas!$B$3:$F$65,MATCH(K9,Tarifas!$A$3:$A$65,0),MATCH(N9,Tarifas!$B$2:$F$2,0)),0),IFERROR(INDEX(Tarifas!$B$3:$F$65,MATCH(L9,Tarifas!$A$3:$A$65,0),MATCH(N9,Tarifas!$B$2:$F$2,0)),0),IFERROR(INDEX(Tarifas!$B$3:$F$65,MATCH(M9,Tarifas!$A$3:$A$65,0),MATCH(N9,Tarifas!$B$2:$F$2,0)),0)))),"") | P9: =IF(NOT(OR(B9<>"",C9<>"",D9<>"",E9<>"",F9<>"",G9<>"",H9<>"",I9<>"",J9<>"",K9<>"",N9<>"")),"",IF(AND(B9<>"",C9<>"",D9<>"",E9<>"",F9<>"",G9<>"",H9<>"",I9<>"",J9<>"",K9<>"",N9<>""),"✓ Completo","⚠ Faltan datos"))
A10: 4 | O10: =IFERROR(IF(N10="","",IF(MAX(IFERROR(INDEX(Tarifas!$B$3:$F$65,MATCH(K10,Tarifas!$A$3:$A$65,0),MATCH(N10,Tarifas!$B$2:$F$2,0)),0),IFERROR(INDEX(Tarifas!$B$3:$F$65,MATCH(L10,Tarifas!$A$3:$A$65,0),MATCH(N10,Tarifas!$B$2:$F$2,0)),0),IFERROR(INDEX(Tarifas!$B$3:$F$65,MATCH(M10,Tarifas!$A$3:$A$65,0),MATCH(N10,Tarifas!$B$2:$F$2,0)),0))=0,"",MAX(IFERROR(INDEX(Tarifas!$B$3:$F$65,MATCH(K10,Tarifas!$A$3:$A$65,0),MATCH(N10,Tarifas!$B$2:$F$2,0)),0),IFERROR(INDEX(Tarifas!$B$3:$F$65,MATCH(L10,Tarifas!$A$3:$A$65,0),MATCH(N10,Tarifas!$B$2:$F$2,0)),0),IFERROR(INDEX(Tarifas!$B$3:$F$65,MATCH(M10,Tarifas!$A$3:$A$65,0),MATCH(N10,Tarifas!$B$2:$F$2,0)),0)))),"") | P10: =IF(NOT(OR(B10<>"",C10<>"",D10<>"",E10<>"",F10<>"",G10<>"",H10<>"",I10<>"",J10<>"",K10<>"",N10<>"")),"",IF(AND(B10<>"",C10<>"",D10<>"",E10<>"",F10<>"",G10<>"",H10<>"",I10<>"",J10<>"",K10<>"",N10<>""),"✓ Completo","⚠ Faltan datos"))
A11: 5 | O11: =IFERROR(IF(N11="","",IF(MAX(IFERROR(INDEX(Tarifas!$B$3:$F$65,MATCH(K11,Tarifas!$A$3:$A$65,0),MATCH(N11,Tarifas!$B$2:$F$2,0)),0),IFERROR(INDEX(Tarifas!$B$3:$F$65,MATCH(L11,Tarifas!$A$3:$A$65,0),MATCH(N11,Tarifas!$B$2:$F$2,0)),0),IFERROR(INDEX(Tarifas!$B$3:$F$65,MATCH(M11,Tarifas!$A$3:$A$65,0),MATCH(N11,Tarifas!$B$2:$F$2,0)),0))=0,"",MAX(IFERROR(INDEX(Tarifas!$B$3:$F$65,MATCH(K11,Tarifas!$A$3:$A$65,0),MATCH(N11,Tarifas!$B$2:$F$2,0)),0),IFERROR(INDEX(Tarifas!$B$3:$F$65,MATCH(L11,Tarifas!$A$3:$A$65,0),MATCH(N11,Tarifas!$B$2:$F$2,0)),0),IFERROR(INDEX(Tarifas!$B$3:$F$65,MATCH(M11,Tarifas!$A$3:$A$65,0),MATCH(N11,Tarifas!$B$2:$F$2,0)),0)))),"") | P11: =IF(NOT(OR(B11<>"",C11<>"",D11<>"",E11<>"",F11<>"",G11<>"",H11<>"",I11<>"",J11<>"",K11<>"",N11<>"")),"",IF(AND(B11<>"",C11<>"",D11<>"",E11<>"",F11<>"",G11<>"",H11<>"",I11<>"",J11<>"",K11<>"",N11<>""),"✓ Completo","⚠ Faltan datos"))
A12: 6 | O12: =IFERROR(IF(N12="","",IF(MAX(IFERROR(INDEX(Tarifas!$B$3:$F$65,MATCH(K12,Tarifas!$A$3:$A$65,0),MATCH(N12,Tarifas!$B$2:$F$2,0)),0),IFERROR(INDEX(Tarifas!$B$3:$F$65,MATCH(L12,Tarifas!$A$3:$A$65,0),MATCH(N12,Tarifas!$B$2:$F$2,0)),0),IFERROR(INDEX(Tarifas!$B$3:$F$65,MATCH(M12,Tarifas!$A$3:$A$65,0),MATCH(N12,Tarifas!$B$2:$F$2,0)),0))=0,"",MAX(IFERROR(INDEX(Tarifas!$B$3:$F$65,MATCH(K12,Tarifas!$A$3:$A$65,0),MATCH(N12,Tarifas!$B$2:$F$2,0)),0),IFERROR(INDEX(Tarifas!$B$3:$F$65,MATCH(L12,Tarifas!$A$3:$A$65,0),MATCH(N12,Tarifas!$B$2:$F$2,0)),0),IFERROR(INDEX(Tarifas!$B$3:$F$65,MATCH(M12,Tarifas!$A$3:$A$65,0),MATCH(N12,Tarifas!$B$2:$F$2,0)),0)))),"") | P12: =IF(NOT(OR(B12<>"",C12<>"",D12<>"",E12<>"",F12<>"",G12<>"",H12<>"",I12<>"",J12<>"",K12<>"",N12<>"")),"",IF(AND(B12<>"",C12<>"",D12<>"",E12<>"",F12<>"",G12<>"",H12<>"",I12<>"",J12<>"",K12<>"",N12<>""),"✓ Completo","⚠ Faltan datos"))
A13: 7 | O13: =IFERROR(IF(N13="","",IF(MAX(IFERROR(INDEX(Tarifas!$B$3:$F$65,MATCH(K13,Tarifas!$A$3:$A$65,0),MATCH(N13,Tarifas!$B$2:$F$2,0)),0),IFERROR(INDEX(Tarifas!$B$3:$F$65,MATCH(L13,Tarifas!$A$3:$A$65,0),MATCH(N13,Tarifas!$B$2:$F$2,0)),0),IFERROR(INDEX(Tarifas!$B$3:$F$65,MATCH(M13,Tarifas!$A$3:$A$65,0),MATCH(N13,Tarifas!$B$2:$F$2,0)),0))=0,"",MAX(IFERROR(INDEX(Tarifas!$B$3:$F$65,MATCH(K13,Tarifas!$A$3:$A$65,0),MATCH(N13,Tarifas!$B$2:$F$2,0)),0),IFERROR(INDEX(Tarifas!$B$3:$F$65,MATCH(L13,Tarifas!$A$3:$A$65,0),MATCH(N13,Tarifas!$B$2:$F$2,0)),0),IFERROR(INDEX(Tarifas!$B$3:$F$65,MATCH(M13,Tarifas!$A$3:$A$65,0),MATCH(N13,Tarifas!$B$2:$F$2,0)),0)))),"") | P13: =IF(NOT(OR(B13<>"",C13<>"",D13<>"",E13<>"",F13<>"",G13<>"",H13<>"",I13<>"",J13<>"",K13<>"",N13<>"")),"",IF(AND(B13<>"",C13<>"",D13<>"",E13<>"",F13<>"",G13<>"",H13<>"",I13<>"",J13<>"",K13<>"",N13<>""),"✓ Completo","⚠ Faltan datos"))
A14: 8 | O14: =IFERROR(IF(N14="","",IF(MAX(IFERROR(INDEX(Tarifas!$B$3:$F$65,MATCH(K14,Tarifas!$A$3:$A$65,0),MATCH(N14,Tarifas!$B$2:$F$2,0)),0),IFERROR(INDEX(Tarifas!$B$3:$F$65,MATCH(L14,Tarifas!$A$3:$A$65,0),MATCH(N14,Tarifas!$B$2:$F$2,0)),0),IFERROR(INDEX(Tarifas!$B$3:$F$65,MATCH(M14,Tarifas!$A$3:$A$65,0),MATCH(N14,Tarifas!$B$2:$F$2,0)),0))=0,"",MAX(IFERROR(INDEX(Tarifas!$B$3:$F$65,MATCH(K14,Tarifas!$A$3:$A$65,0),MATCH(N14,Tarifas!$B$2:$F$2,0)),0),IFERROR(INDEX(Tarifas!$B$3:$F$65,MATCH(L14,Tarifas!$A$3:$A$65,0),MATCH(N14,Tarifas!$B$2:$F$2,0)),0),IFERROR(INDEX(Tarifas!$B$3:$F$65,MATCH(M14,Tarifas!$A$3:$A$65,0),MATCH(N14,Tarifas!$B$2:$F$2,0)),0)))),"") | P14: =IF(NOT(OR(B14<>"",C14<>"",D14<>"",E14<>"",F14<>"",G14<>"",H14<>"",I14<>"",J14<>"",K14<>"",N14<>"")),"",IF(AND(B14<>"",C14<>"",D14<>"",E14<>"",F14<>"",G14<>"",H14<>"",I14<>"",J14<>"",K14<>"",N14<>""),"✓ Completo","⚠ Faltan datos"))
A15: 9 | O15: =IFERROR(IF(N15="","",IF(MAX(IFERROR(INDEX(Tarifas!$B$3:$F$65,MATCH(K15,Tarifas!$A$3:$A$65,0),MATCH(N15,Tarifas!$B$2:$F$2,0)),0),IFERROR(INDEX(Tarifas!$B$3:$F$65,MATCH(L15,Tarifas!$A$3:$A$65,0),MATCH(N15,Tarifas!$B$2:$F$2,0)),0),IFERROR(INDEX(Tarifas!$B$3:$F$65,MATCH(M15,Tarifas!$A$3:$A$65,0),MATCH(N15,Tarifas!$B$2:$F$2,0)),0))=0,"",MAX(IFERROR(INDEX(Tarifas!$B$3:$F$65,MATCH(K15,Tarifas!$A$3:$A$65,0),MATCH(N15,Tarifas!$B$2:$F$2,0)),0),IFERROR(INDEX(Tarifas!$B$3:$F$65,MATCH(L15,Tarifas!$A$3:$A$65,0),MATCH(N15,Tarifas!$B$2:$F$2,0)),0),IFERROR(INDEX(Tarifas!$B$3:$F$65,MATCH(M15,Tarifas!$A$3:$A$65,0),MATCH(N15,Tarifas!$B$2:$F$2,0)),0)))),"") | P15: =IF(NOT(OR(B15<>"",C15<>"",D15<>"",E15<>"",F15<>"",G15<>"",H15<>"",I15<>"",J15<>"",K15<>"",N15<>"")),"",IF(AND(B15<>"",C15<>"",D15<>"",E15<>"",F15<>"",G15<>"",H15<>"",I15<>"",J15<>"",K15<>"",N15<>""),"✓ Completo","⚠ Faltan datos"))
A16: 10 | O16: =IFERROR(IF(N16="","",IF(MAX(IFERROR(INDEX(Tarifas!$B$3:$F$65,MATCH(K16,Tarifas!$A$3:$A$65,0),MATCH(N16,Tarifas!$B$2:$F$2,0)),0),IFERROR(INDEX(Tarifas!$B$3:$F$65,MATCH(L16,Tarifas!$A$3:$A$65,0),MATCH(N16,Tarifas!$B$2:$F$2,0)),0),IFERROR(INDEX(Tarifas!$B$3:$F$65,MATCH(M16,Tarifas!$A$3:$A$65,0),MATCH(N16,Tarifas!$B$2:$F$2,0)),0))=0,"",MAX(IFERROR(INDEX(Tarifas!$B$3:$F$65,MATCH(K16,Tarifas!$A$3:$A$65,0),MATCH(N16,Tarifas!$B$2:$F$2,0)),0),IFERROR(INDEX(Tarifas!$B$3:$F$65,MATCH(L16,Tarifas!$A$3:$A$65,0),MATCH(N16,Tarifas!$B$2:$F$2,0)),0),IFERROR(INDEX(Tarifas!$B$3:$F$65,MATCH(M16,Tarifas!$A$3:$A$65,0),MATCH(N16,Tarifas!$B$2:$F$2,0)),0)))),"") | P16: =IF(NOT(OR(B16<>"",C16<>"",D16<>"",E16<>"",F16<>"",G16<>"",H16<>"",I16<>"",J16<>"",K16<>"",N16<>"")),"",IF(AND(B16<>"",C16<>"",D16<>"",E16<>"",F16<>"",G16<>"",H16<>"",I16<>"",J16<>"",K16<>"",N16<>""),"✓ Completo","⚠ Faltan datos"))
A17: 11 | O17: =IFERROR(IF(N17="","",IF(MAX(IFERROR(INDEX(Tarifas!$B$3:$F$65,MATCH(K17,Tarifas!$A$3:$A$65,0),MATCH(N17,Tarifas!$B$2:$F$2,0)),0),IFERROR(INDEX(Tarifas!$B$3:$F$65,MATCH(L17,Tarifas!$A$3:$A$65,0),MATCH(N17,Tarifas!$B$2:$F$2,0)),0),IFERROR(INDEX(Tarifas!$B$3:$F$65,MATCH(M17,Tarifas!$A$3:$A$65,0),MATCH(N17,Tarifas!$B$2:$F$2,0)),0))=0,"",MAX(IFERROR(INDEX(Tarifas!$B$3:$F$65,MATCH(K17,Tarifas!$A$3:$A$65,0),MATCH(N17,Tarifas!$B$2:$F$2,0)),0),IFERROR(INDEX(Tarifas!$B$3:$F$65,MATCH(L17,Tarifas!$A$3:$A$65,0),MATCH(N17,Tarifas!$B$2:$F$2,0)),0),IFERROR(INDEX(Tarifas!$B$3:$F$65,MATCH(M17,Tarifas!$A$3:$A$65,0),MATCH(N17,Tarifas!$B$2:$F$2,0)),0)))),"") | P17: =IF(NOT(OR(B17<>"",C17<>"",D17<>"",E17<>"",F17<>"",G17<>"",H17<>"",I17<>"",J17<>"",K17<>"",N17<>"")),"",IF(AND(B17<>"",C17<>"",D17<>"",E17<>"",F17<>"",G17<>"",H17<>"",I17<>"",J17<>"",K17<>"",N17<>""),"✓ Completo","⚠ Faltan datos"))
A18: 12 | O18: =IFERROR(IF(N18="","",IF(MAX(IFERROR(INDEX(Tarifas!$B$3:$F$65,MATCH(K18,Tarifas!$A$3:$A$65,0),MATCH(N18,Tarifas!$B$2:$F$2,0)),0),IFERROR(INDEX(Tarifas!$B$3:$F$65,MATCH(L18,Tarifas!$A$3:$A$65,0),MATCH(N18,Tarifas!$B$2:$F$2,0)),0),IFERROR(INDEX(Tarifas!$B$3:$F$65,MATCH(M18,Tarifas!$A$3:$A$65,0),MATCH(N18,Tarifas!$B$2:$F$2,0)),0))=0,"",MAX(IFERROR(INDEX(Tarifas!$B$3:$F$65,MATCH(K18,Tarifas!$A$3:$A$65,0),MATCH(N18,Tarifas!$B$2:$F$2,0)),0),IFERROR(INDEX(Tarifas!$B$3:$F$65,MATCH(L18,Tarifas!$A$3:$A$65,0),MATCH(N18,Tarifas!$B$2:$F$2,0)),0),IFERROR(INDEX(Tarifas!$B$3:$F$65,MATCH(M18,Tarifas!$A$3:$A$65,0),MATCH(N18,Tarifas!$B$2:$F$2,0)),0)))),"") | P18: =IF(NOT(OR(B18<>"",C18<>"",D18<>"",E18<>"",F18<>"",G18<>"",H18<>"",I18<>"",J18<>"",K18<>"",N18<>"")),"",IF(AND(B18<>"",C18<>"",D18<>"",E18<>"",F18<>"",G18<>"",H18<>"",I18<>"",J18<>"",K18<>"",N18<>""),"✓ Completo","⚠ Faltan datos"))
... A53: 47 | O53: =IFERROR(IF(N53="","",IF(MAX(IFERROR(INDEX(Tarifas!$B$3:$F$65,MATCH(K53,Tarifas!$A$3:$A$65,0),MATCH(N53,Tarifas!$B$2:$F$2,0)),0),IFERROR(INDEX(Tarifas!$B$3:$F$65,MATCH(L53,Tarifas!$A$3:$A$65,0),MATCH(N53,Tarifas!$B$2:$F$2,0)),0),IFERROR(INDEX(Tarifas!$B$3:$F$65,MATCH(M53,Tarifas!$A$3:$A$65,0),MATCH(N53,Tarifas!$B$2:$F$2,0)),0))=0,"",MAX(IFERROR(INDEX(Tarifas!$B$3:$F$65,MATCH(K53,Tarifas!$A$3:$A$65,0),MATCH(N53,Tarifas!$B$2:$F$2,0)),0),IFERROR(INDEX(Tarifas!$B$3:$F$65,MATCH(L53,Tarifas!$A$3:$A$65,0),MATCH(N53,Tarifas!$B$2:$F$2,0)),0),IFERROR(INDEX(Tarifas!$B$3:$F$65,MATCH(M53,Tarifas!$A$3:$A$65,0),MATCH(N53,Tarifas!$B$2:$F$2,0)),0)))),"") | P53: =IF(NOT(OR(B53<>"",C53<>"",D53<>"",E53<>"",F53<>"",G53<>"",H53<>"",I53<>"",J53<>"",K53<>"",N53<>"")),"",IF(AND(B53<>"",C53<>"",D53<>"",E53<>"",F53<>"",G53<>"",H53<>"",I53<>"",J53<>"",K53<>"",N53<>""),"✓ Completo","⚠ Faltan datos"))
A55: RESUMEN | K55: Pacientes asegurados: | L55: =COUNTA(C7:C53) | M55: PRIMA TOTAL: | O55: =SUM(O7:O53) | P55: =COUNTIF(P7:P53,"✓ Completo")&" OK" | Q55: =COUNTA(Q7:Q53)&" con póliza"
A57: ⚠ El Nº de póliza lo asigna medassure: cuando una fila tiene póliza, el paciente queda marcado en verde.
A58: Nota — Hasta 3 tratamientos sin recargo — la prima corresponde al tratamiento de mayor importe según la duración elegida. · «✓ Completo» requiere todos los campos marcados con * (tratamientos 2–3 opcionales). · Comunique cualquier complicación en ≤ 7 días a siniestros@iberassekuranz.es (Tel. 91 781 56 32). · Las altas de diciembre se pueden enviar hasta el 5 de enero.

Sheet Tarifas
A1: medassure · Tabla de tarifas (referencia · bloqueada)
A2: Tratamiento | B2: 1 año | C2: 2 años | D2: 3 años | E2: 4 años | F2: 5 años
A3: Abdominoplastia | B3: 169 | C3: 218 | D3: 267 | E3: 316 | F3: 365
A4: Aumento de glúteos con grasa autóloga | B4: 169 | C4: 218 | D4: 267 | E4: 316 | F4: 365
A5: Aumento de glúteos con implante | B5: 259 | C5: 398 | D5: 487 | E5: 576 | F5: 665
A6: Aumento de mamas con grasa autóloga | B6: 169 | C6: 218 | D6: 267 | E6: 316 | F6: 365
A7: Aumento de mamas con implantes | B7: 259 | C7: 398 | D7: 487 | E7: 576 | F7: 665
A8: Aumento de mentón con grasa autóloga | B8: 169 | C8: 218 | D8: 267 | E8: 316 | F8: 365
A9: Aumento de pantorrillas con grasa autóloga | B9: 169 | C9: 218 | D9: 267 | E9: 316 | F9: 365
A10: Aumento de pómulos con grasa autóloga | B10: 169 | C10: 218 | D10: 267 | E10: 316 | F10: 365
A11: Balón intragástrico (balón gástrico) | B11: 169 | C11: 218 | D11: 267 | E11: 316 | F11: 365
A12: Bichectomía (extracción de grasa de las mejillas) | B12: 99 | C12: 128 | D12: 157 | E12: 186 | F12: 215
A13: Blefaroplastia (superior / inferior) | B13: 49 | C13: 98 | D13: 127 | E13: 156 | F13: 185
A14: Cirugía del pezón | B14: 169 | C14: 218 | D14: 267 | E14: 316 | F14: 365
... A65: Tratamiento dental / prótesis dental superior a 3.001 € | B65: 259 | C65: 398 | D65: 487 | E65: 576 | F65: 665
